[{
    "type": "basic_led16x8",
    "message0": "LED 16x8 %1 %2 %3 %4 %5 %6 %7 %8 %9 %10 %11 %12 %13 %14 %15 %16 %17 %18 %19 %20 %21 %22 %23 %24 %25 %26 %27 %28 %29 %30 %31 %32 %33 %34 %35 %36 %37 %38 %39 %40 %41 %42 %43 %44 %45 %46 %47 %48 %49 %50 %51 %52 %53 %54 %55 %56 %57 %58 %59 %60 %61 %62 %63 %64 %65 %66 %67 %68 %69 %70 %71 %72 %73 %74 %75 %76 %77 %78 %79 %80 %81 %82 %83 %84 %85 %86 %87 %88 %89 %90 %91 %92 %93 %94 %95 %96 %97 %98 %99 %100 %101 %102 %103 %104 %105 %106 %107 %108 %109 %110 %111 %112 %113 %114 %115 %116 %117 %118 %119 %120 %121 %122 %123 %124 %125 %126 %127 %128 %129 %130 %131 %132 %133 %134 %135 %136",
    "args0": [{
        "type": "input_dummy"
    }, {
        "type": "field_checkbox",
        "name": "POS_X0_Y7",
        "checked": false
    }, {
        "type": "field_checkbox",
        "name": "POS_X1_Y7",
        "checked": false
    }, {
        "type": "field_checkbox",
        "name": "POS_X2_Y7",
        "checked": false
    }, {
        "type": "field_checkbox",
        "name": "POS_X3_Y7",
        "checked": false
    }, {
        "type": "field_checkbox",
        "name": "POS_X4_Y7",
        "checked": false
    }, {
        "type": "field_checkbox",
        "name": "POS_X5_Y7",
        "checked": false
    }, {
        "type": "field_checkbox",
        "name": "POS_X6_Y7",
        "checked": false
    }, {
        "type": "field_checkbox",
        "name": "POS_X7_Y7",
        "checked": false
    }, {
        "type": "field_checkbox",
        "name": "POS_X8_Y7",
        "checked": false
    }, {
        "type": "field_checkbox",
        "name": "POS_X9_Y7",
        "checked": false
    }, {
        "type": "field_checkbox",
        "name": "POS_X10_Y7",
        "checked": false
    }, {
        "type": "field_checkbox",
        "name": "POS_X11_Y7",
        "checked": false
    }, {
        "type": "field_checkbox",
        "name": "POS_X12_Y7",
        "checked": false
    }, {
        "type": "field_checkbox",
        "name": "POS_X13_Y7",
        "checked": false
    }, {
        "type": "field_checkbox",
        "name": "POS_X14_Y7",
        "checked": false
    }, {
        "type": "field_checkbox",
        "name": "POS_X15_Y7",
        "checked": false
    }, {
        "type": "input_dummy"
    }, {
        "type": "field_checkbox",
        "name": "POS_X0_Y6",
        "checked": false
    }, {
        "type": "field_checkbox",
        "name": "POS_X1_Y6",
        "checked": false
    }, {
        "type": "field_checkbox",
        "name": "POS_X2_Y6",
        "checked": false
    }, {
        "type": "field_checkbox",
        "name": "POS_X3_Y6",
        "checked": false
    }, {
        "type": "field_checkbox",
        "name": "POS_X4_Y6",
        "checked": false
    }, {
        "type": "field_checkbox",
        "name": "POS_X5_Y6",
        "checked": false
    }, {
        "type": "field_checkbox",
        "name": "POS_X6_Y6",
        "checked": false
    }, {
        "type": "field_checkbox",
        "name": "POS_X7_Y6",
        "checked": false
    }, {
        "type": "field_checkbox",
        "name": "POS_X8_Y6",
        "checked": false
    }, {
        "type": "field_checkbox",
        "name": "POS_X9_Y6",
        "checked": false
    }, {
        "type": "field_checkbox",
        "name": "POS_X10_Y6",
        "checked": false
    }, {
        "type": "field_checkbox",
        "name": "POS_X11_Y6",
        "checked": false
    }, {
        "type": "field_checkbox",
        "name": "POS_X12_Y6",
        "checked": false
    }, {
        "type": "field_checkbox",
        "name": "POS_X13_Y6",
        "checked": false
    }, {
        "type": "field_checkbox",
        "name": "POS_X14_Y6",
        "checked": false
    }, {
        "type": "field_checkbox",
        "name": "POS_X15_Y6",
        "checked": false
    }, {
        "type": "input_dummy"
    }, {
        "type": "field_checkbox",
        "name": "POS_X0_Y5",
        "checked": false
    }, {
        "type": "field_checkbox",
        "name": "POS_X1_Y5",
        "checked": false
    }, {
        "type": "field_checkbox",
        "name": "POS_X2_Y5",
        "checked": false
    }, {
        "type": "field_checkbox",
        "name": "POS_X3_Y5",
        "checked": false
    }, {
        "type": "field_checkbox",
        "name": "POS_X4_Y5",
        "checked": false
    }, {
        "type": "field_checkbox",
        "name": "POS_X5_Y5",
        "checked": false
    }, {
        "type": "field_checkbox",
        "name": "POS_X6_Y5",
        "checked": false
    }, {
        "type": "field_checkbox",
        "name": "POS_X7_Y5",
        "checked": false
    }, {
        "type": "field_checkbox",
        "name": "POS_X8_Y5",
        "checked": false
    }, {
        "type": "field_checkbox",
        "name": "POS_X9_Y5",
        "checked": false
    }, {
        "type": "field_checkbox",
        "name": "POS_X10_Y5",
        "checked": false
    }, {
        "type": "field_checkbox",
        "name": "POS_X11_Y5",
        "checked": false
    }, {
        "type": "field_checkbox",
        "name": "POS_X12_Y5",
        "checked": false
    }, {
        "type": "field_checkbox",
        "name": "POS_X13_Y5",
        "checked": false
    }, {
        "type": "field_checkbox",
        "name": "POS_X14_Y5",
        "checked": false
    }, {
        "type": "field_checkbox",
        "name": "POS_X15_Y5",
        "checked": false
    }, {
        "type": "input_dummy"
    }, {
        "type": "field_checkbox",
        "name": "POS_X0_Y4",
        "checked": false
    }, {
        "type": "field_checkbox",
        "name": "POS_X1_Y4",
        "checked": false
    }, {
        "type": "field_checkbox",
        "name": "POS_X2_Y4",
        "checked": false
    }, {
        "type": "field_checkbox",
        "name": "POS_X3_Y4",
        "checked": false
    }, {
        "type": "field_checkbox",
        "name": "POS_X4_Y4",
        "checked": false
    }, {
        "type": "field_checkbox",
        "name": "POS_X5_Y4",
        "checked": false
    }, {
        "type": "field_checkbox",
        "name": "POS_X6_Y4",
        "checked": false
    }, {
        "type": "field_checkbox",
        "name": "POS_X7_Y4",
        "checked": false
    }, {
        "type": "field_checkbox",
        "name": "POS_X8_Y4",
        "checked": false
    }, {
        "type": "field_checkbox",
        "name": "POS_X9_Y4",
        "checked": false
    }, {
        "type": "field_checkbox",
        "name": "POS_X10_Y4",
        "checked": false
    }, {
        "type": "field_checkbox",
        "name": "POS_X11_Y4",
        "checked": false
    }, {
        "type": "field_checkbox",
        "name": "POS_X12_Y4",
        "checked": false
    }, {
        "type": "field_checkbox",
        "name": "POS_X13_Y4",
        "checked": false
    }, {
        "type": "field_checkbox",
        "name": "POS_X14_Y4",
        "checked": false
    }, {
        "type": "field_checkbox",
        "name": "POS_X15_Y4",
        "checked": false
    }, {
        "type": "input_dummy"
    }, {
        "type": "field_checkbox",
        "name": "POS_X0_Y3",
        "checked": false
    }, {
        "type": "field_checkbox",
        "name": "POS_X1_Y3",
        "checked": false
    }, {
        "type": "field_checkbox",
        "name": "POS_X2_Y3",
        "checked": false
    }, {
        "type": "field_checkbox",
        "name": "POS_X3_Y3",
        "checked": false
    }, {
        "type": "field_checkbox",
        "name": "POS_X4_Y3",
        "checked": false
    }, {
        "type": "field_checkbox",
        "name": "POS_X5_Y3",
        "checked": false
    }, {
        "type": "field_checkbox",
        "name": "POS_X6_Y3",
        "checked": false
    }, {
        "type": "field_checkbox",
        "name": "POS_X7_Y3",
        "checked": false
    }, {
        "type": "field_checkbox",
        "name": "POS_X8_Y3",
        "checked": false
    }, {
        "type": "field_checkbox",
        "name": "POS_X9_Y3",
        "checked": false
    }, {
        "type": "field_checkbox",
        "name": "POS_X10_Y3",
        "checked": false
    }, {
        "type": "field_checkbox",
        "name": "POS_X11_Y3",
        "checked": false
    }, {
        "type": "field_checkbox",
        "name": "POS_X12_Y3",
        "checked": false
    }, {
        "type": "field_checkbox",
        "name": "POS_X13_Y3",
        "checked": false
    }, {
        "type": "field_checkbox",
        "name": "POS_X14_Y3",
        "checked": false
    }, {
        "type": "field_checkbox",
        "name": "POS_X15_Y3",
        "checked": false
    }, {
        "type": "input_dummy"
    }, {
        "type": "field_checkbox",
        "name": "POS_X0_Y2",
        "checked": false
    }, {
        "type": "field_checkbox",
        "name": "POS_X1_Y2",
        "checked": false
    }, {
        "type": "field_checkbox",
        "name": "POS_X2_Y2",
        "checked": false
    }, {
        "type": "field_checkbox",
        "name": "POS_X3_Y2",
        "checked": false
    }, {
        "type": "field_checkbox",
        "name": "POS_X4_Y2",
        "checked": false
    }, {
        "type": "field_checkbox",
        "name": "POS_X5_Y2",
        "checked": false
    }, {
        "type": "field_checkbox",
        "name": "POS_X6_Y2",
        "checked": false
    }, {
        "type": "field_checkbox",
        "name": "POS_X7_Y2",
        "checked": false
    }, {
        "type": "field_checkbox",
        "name": "POS_X8_Y2",
        "checked": false
    }, {
        "type": "field_checkbox",
        "name": "POS_X9_Y2",
        "checked": false
    }, {
        "type": "field_checkbox",
        "name": "POS_X10_Y2",
        "checked": false
    }, {
        "type": "field_checkbox",
        "name": "POS_X11_Y2",
        "checked": false
    }, {
        "type": "field_checkbox",
        "name": "POS_X12_Y2",
        "checked": false
    }, {
        "type": "field_checkbox",
        "name": "POS_X13_Y2",
        "checked": false
    }, {
        "type": "field_checkbox",
        "name": "POS_X14_Y2",
        "checked": false
    }, {
        "type": "field_checkbox",
        "name": "POS_X15_Y2",
        "checked": false
    }, {
        "type": "input_dummy"
    }, {
        "type": "field_checkbox",
        "name": "POS_X0_Y1",
        "checked": false
    }, {
        "type": "field_checkbox",
        "name": "POS_X1_Y1",
        "checked": false
    }, {
        "type": "field_checkbox",
        "name": "POS_X2_Y1",
        "checked": false
    }, {
        "type": "field_checkbox",
        "name": "POS_X3_Y1",
        "checked": false
    }, {
        "type": "field_checkbox",
        "name": "POS_X4_Y1",
        "checked": false
    }, {
        "type": "field_checkbox",
        "name": "POS_X5_Y1",
        "checked": false
    }, {
        "type": "field_checkbox",
        "name": "POS_X6_Y1",
        "checked": false
    }, {
        "type": "field_checkbox",
        "name": "POS_X7_Y1",
        "checked": false
    }, {
        "type": "field_checkbox",
        "name": "POS_X8_Y1",
        "checked": false
    }, {
        "type": "field_checkbox",
        "name": "POS_X9_Y1",
        "checked": false
    }, {
        "type": "field_checkbox",
        "name": "POS_X10_Y1",
        "checked": false
    }, {
        "type": "field_checkbox",
        "name": "POS_X11_Y1",
        "checked": false
    }, {
        "type": "field_checkbox",
        "name": "POS_X12_Y1",
        "checked": false
    }, {
        "type": "field_checkbox",
        "name": "POS_X13_Y1",
        "checked": false
    }, {
        "type": "field_checkbox",
        "name": "POS_X14_Y1",
        "checked": false
    }, {
        "type": "field_checkbox",
        "name": "POS_X15_Y1",
        "checked": false
    }, {
        "type": "input_dummy"
    }, {
        "type": "field_checkbox",
        "name": "POS_X0_Y0",
        "checked": false
    }, {
        "type": "field_checkbox",
        "name": "POS_X1_Y0",
        "checked": false
    }, {
        "type": "field_checkbox",
        "name": "POS_X2_Y0",
        "checked": false
    }, {
        "type": "field_checkbox",
        "name": "POS_X3_Y0",
        "checked": false
    }, {
        "type": "field_checkbox",
        "name": "POS_X4_Y0",
        "checked": false
    }, {
        "type": "field_checkbox",
        "name": "POS_X5_Y0",
        "checked": false
    }, {
        "type": "field_checkbox",
        "name": "POS_X6_Y0",
        "checked": false
    }, {
        "type": "field_checkbox",
        "name": "POS_X7_Y0",
        "checked": false
    }, {
        "type": "field_checkbox",
        "name": "POS_X8_Y0",
        "checked": false
    }, {
        "type": "field_checkbox",
        "name": "POS_X9_Y0",
        "checked": false
    }, {
        "type": "field_checkbox",
        "name": "POS_X10_Y0",
        "checked": false
    }, {
        "type": "field_checkbox",
        "name": "POS_X11_Y0",
        "checked": false
    }, {
        "type": "field_checkbox",
        "name": "POS_X12_Y0",
        "checked": false
    }, {
        "type": "field_checkbox",
        "name": "POS_X13_Y0",
        "checked": false
    }, {
        "type": "field_checkbox",
        "name": "POS_X14_Y0",
        "checked": false
    }, {
        "type": "field_checkbox",
        "name": "POS_X15_Y0",
        "checked": false
    }],
    "inputsInline": false,
    "previousStatement": null,
    "nextStatement": null,
    "colour": 160,
    "tooltip": "LED matrix display 16 by 8 dots",
    "helpUrl": ""
}, {
    "type": "basic_led16x8_2chars",
    "message0": "LED 16x8 2-chars %1",
    "args0": [{
        "type": "input_value",
        "name": "VALUE"
    }],
    "previousStatement": null,
    "nextStatement": null,
    "colour": 160,
    "tooltip": "",
    "helpUrl": ""
}, {
    "type": "basic_led16x8_scroll_when_ready",
    "message0": "LED 16x8 Scroll When Ready %1",
    "args0": [{
        "type": "input_value",
        "name": "VALUE"
    }],
    "previousStatement": null,
    "nextStatement": null,
    "colour": 160,
    "tooltip": "",
    "helpUrl": ""
}, {
    "type": "basic_led16x8_scroll",
    "message0": "LED 16x8 Scroll %1",
    "args0": [{
        "type": "input_value",
        "name": "VALUE"
    }],
    "previousStatement": null,
    "nextStatement": null,
    "colour": 160,
    "tooltip": "Display scrolling string on LED",
    "helpUrl": ""
}, {
    "type": "basic_led16x8_scroll_when_ready",
    "message0": "LED 16x8 Scroll When Ready %1",
    "args0": [{
        "type": "input_value",
        "name": "VALUE"
    }],
    "previousStatement": null,
    "nextStatement": null,
    "colour": 160,
    "tooltip": "Display scrolling string on LED when ready",
    "helpUrl": ""
}, {
    "type": "basic_delay",
    "message0": "Delay %1 s",
    "args0": [{
        "type": "field_number",
        "name": "VALUE",
        "value": 0.5,
        "min": 0.1,
        "max": 100,
        "precision": 0.1
    }],
    "inputsInline": false,
    "previousStatement": null,
    "nextStatement": null,
    "colour": 160,
    "tooltip": "Delay for a seconds",
    "helpUrl": ""
}, {
    "type": "basic_forever",
    "message0": "Forever %1 %2",
    "args0": [{
        "type": "input_dummy"
    }, {
        "type": "input_statement",
        "name": "HANDLER"
    }],
    "inputsInline": false,
    "previousStatement": null,
    "nextStatement": null,
    "colour": 160,
    "tooltip": "Forever Loop",
    "helpUrl": ""
}, {
    "type": "math_number",
    "message0": "%1",
    "args0": [{
        "type": "field_number",
        "name": "VALUE",
        "value": 0,
        "min": 0,
        "max": 100,
        "precision": 0.1
    }],
    "output": true,
    "check": "Number",
    "colour": 20,
    "tooltip": "A number",
    "helpUrl": ""
}, {
    "type": "math_string",
    "message0": "%1",
    "args0": [{
        "type": "field_input",
        "name": "VALUE",
        "text": "Hello World!"
    }],
    "output": true,
    "colour": 20,
    "tooltip": "A string",
    "helpUrl": ""
}, {
    "type": "logic_led16x8_scroll_ready",
		"message0": "LED matrix ready to scroll",
    "output": "Boolean",
    "colour": 210,
    "tooltip": "Returns if LED matrix  display is ready to scroll",
    "helpUrl": ""
}, {
    "type": "music_note",
    "message0": "Note %1 Duration %2",
    "args0": [{
        "type": "field_dropdown",
        "name": "NOTE",
        "options": [
            ["C4", "0"],
            ["C#4", "1"],
            ["D4", "2"],
            ["Eb4", "3"],
            ["E4", "4"],
            ["F4", "5"],
            ["F#4", "6"],
            ["G4", "7"],
            ["G#4", "8"],
            ["A4", "9"],
            ["Bb4", "10"],
            ["B4", "11"],
            ["C5", "12"]
        ]
    }, {
        "type": "field_dropdown",
        "name": "DURATION",
        "options": [
            ["whole", "0"],
            ["half", "1"],
            ["quarter", "2"],
            ["eighth", "3"],
            ["sixteenth", "4"]
        ]
    }],
    "previousStatement": null,
    "nextStatement": null,
    "colour": 330,
    "tooltip": "Play Note",
    "helpUrl": ""
}, {
    "type": "music_rest",
    "message0": "Rest Duration %1",
    "args0": [{
        "type": "field_dropdown",
        "name": "DURATION",
        "options": [
            ["whole", "0"],
            ["half", "1"],
            ["quarter", "2"],
            ["eighth", "3"],
            ["sixteenth", "4"]
        ]
    }],
    "previousStatement": null,
    "nextStatement": null,
    "colour": 330,
    "tooltip": "Rest some",
    "helpUrl": ""
}, {
    "type": "music_set_tempo",
    "message0": "Set Tempo %1",
    "args0": [{
        "type": "field_number",
        "name": "VALUE",
        "value": 120,
        "min": 30,
        "max": 240,
        "precision": 0.1
    }],
    "previousStatement": null,
    "nextStatement": null,
    "colour": 330,
    "tooltip": "Set Music Tempo",
    "helpUrl": ""
}, {
    "type": "sensor_lm73",
    "message0": "Temperature Sensor",
    "output": true,
    "check": "Number",
    "colour": 230,
    "tooltip": "Read Temperature",
    "helpUrl": ""
}, {
    "type": "sensor_ldr",
    "message0": "Light Level Sensor",
    "output": true,
    "check": "Number",
    "colour": 230,
    "tooltip": "Read Light Level",
    "helpUrl": ""
}, {
    "type": "sensor_switch1",
    "message0": "Switch 1",
    "output": true,
    "check": "Number",
    "colour": 230,
    "tooltip": "Read Switch 1 State",
    "helpUrl": ""
}, {
    "type": "sensor_switch2",
    "message0": "Switch 2",
    "output": true,
    "check": "Number",
    "colour": 230,
    "tooltip": "Read Switch 2 State",
    "helpUrl": ""
}, {
    "type": "rtc_get",
    "message0": "Date/Time",
    "output": true,
    "colour": 230,
    "tooltip": "Get Date/Time",
    "helpUrl": ""
}, {
    "type": "rtc_get_date",
    "message0": "Date",
    "output": true,
    "colour": 230,
    "tooltip": "Get Date",
    "helpUrl": ""
}, {
    "type": "rtc_get_time",
    "message0": "Time",
    "output": true,
    "colour": 230,
    "tooltip": "Get Time",
    "helpUrl": ""
}, {
    "type": "rtc_get_year",
    "message0": "Year",
    "output": true,
    "colour": 230,
    "tooltip": "Get Year",
    "helpUrl": ""
}, {
    "type": "rtc_get_month",
    "message0": "Month",
    "output": true,
    "colour": 230,
    "tooltip": "Get Month",
    "helpUrl": ""
}, {
    "type": "rtc_get_day",
    "message0": "Day",
    "output": true,
    "colour": 230,
    "tooltip": "Get Day",
    "helpUrl": ""
}, {
    "type": "rtc_get_hour",
    "message0": "Hour",
    "output": true,
    "colour": 230,
    "tooltip": "Get Hour",
    "helpUrl": ""
}, {
    "type": "rtc_get_minute",
    "message0": "Minute",
    "output": true,
    "colour": 230,
    "tooltip": "Get Minute",
    "helpUrl": ""
}, {
    "type": "rtc_get_second",
    "message0": "Second",
    "output": true,
    "colour": 230,
    "tooltip": "Get Second",
    "helpUrl": ""
}, {
    "type": "comm_uart_write",
    "message0": "Uart Write %1",
    "args0": [{
        "type": "input_value",
        "name": "VALUE"
    }],
    "previousStatement": null,
    "nextStatement": null,
    "colour": 230,
    "tooltip": "Write To Uart",
    "helpUrl": ""
}, {
    "type": "comm_uart_writeln",
    "message0": "Uart Write Line %1",
    "args0": [{
        "type": "input_value",
        "name": "VALUE"
    }],
    "previousStatement": null,
    "nextStatement": null,
    "colour": 230,
    "tooltip": "Write To Uart With NewLine",
    "helpUrl": ""
}, {
    "type": "advance_task",
    "message0": "%1 %2 %3",
    "args0": [{
        "type": "field_input",
        "name": "NAME",
        "text": "Task"
    }, {
        "type": "input_dummy"
    }, {
        "type": "input_statement",
        "name": "STACK"
    }],
    "inputsInline": false,
    "colour": 290,
    "tooltip": "Task",
    "helpUrl": ""
}]
