<toolbox>
	<category name="Basic">
		<block type="basic_led16x8"></block>
		<block type="basic_led16x8_2chars"></block>
		<block type="basic_led16x8_scroll"></block>
		<block type="basic_led16x8_scroll_when_ready"></block>
		<block type="basic_delay"></block>
		<block type="basic_forever"></block>
	</category>
	<category name="Math">
		<block type="math_number"></block>
		<block type="math_string"></block>
	</category>
	<category name="Logic">
		<block type="controls_if"></block>
		<!--<block type="controls_if">
			<mutation else="1"></mutation>
		</block>-->
		<block type="logic_compare"></block>
		<block type="logic_operation"></block>
		<block type="logic_negate"></block>
		<block type="logic_boolean"></block>
		<!--<block type="logic_null"></block>
		<block type="logic_ternary"></block>-->
		<block type="logic_led16x8_scroll_ready"></block>
	</category>
	<category name="Loop">
		<block type="controls_whileUntil"></block>
	</category>
	<category name="Music">
		<block type="music_note"></block>
		<block type="music_rest"></block>
		<!--<block type="music_set_tempo"></block>-->
	</category>
	<category name="Sensor">
		<block type="sensor_lm73"></block>
		<block type="sensor_ldr"></block>
		<block type="sensor_switch1"></block>
		<block type="sensor_switch2"></block>
	</category>
	<category name="Realtime Clock">
		<block type="rtc_get"></block>
		<block type="rtc_get_date"></block>
		<block type="rtc_get_time"></block>
		<block type="rtc_get_year"></block>
		<block type="rtc_get_month"></block>
		<block type="rtc_get_day"></block>
		<block type="rtc_get_hour"></block>
		<block type="rtc_get_minute"></block>
		<block type="rtc_get_second"></block>
	</category>
	<category name="Comm">
		<block type="comm_uart_write"></block>
		<block type="comm_uart_writeln"></block>
	</category>
	<category name="Advance">
		<block type="advance_task"></block>
	</category>
</toolbox>
