<toolbox>
	<category name="Basic">
		<block type="basic_led16x8"></block>
		<block type="basic_led16x8_clr"></block>
		<block type="basic_led16x8_2chars"></block>
		<block type="basic_led16x8_scroll"></block>
		<block type="basic_led16x8_scroll_when_ready"></block>
		<block type="basic_delay"></block>
		<block type="basic_forever"></block>
		<block type="basic_string"></block>
	</category>
	<category name="Math">
		<block type="math_number"></block>
		<block type="math_arithmetic"></block>
		<block type="math_variables_set"></block>
		<block type="math_variables_get"></block>
	</category>
	<category name="Logic">
		<block type="controls_if"></block>
		<!--<block type="controls_if">
			<mutation else="1"></mutation>
		</block>-->
		<block type="logic_if_then_else"></block>
		<block type="logic_compare"></block>
		<block type="logic_operation"></block>
		<block type="logic_negate"></block>
		<block type="logic_boolean"></block>
		<!--<block type="logic_null"></block>
		<block type="logic_ternary"></block>-->
		<block type="logic_led16x8_scroll_ready"></block>
		<block type="logic_sw1_pressed"></block>
		<block type="logic_sw1_released"></block>
		<block type="logic_sw2_pressed"></block>
		<block type="logic_sw2_released"></block>
	</category>
	<category name="Loop">
		<block type="controls_whileUntil"></block>
		<block type="loop_break"></block>
		<block type="loop_continue"></block>
	</category>
	<category name="Wait">
		<block type="wait_led_matrix_ready"></block>
		<block type="wait_sw1_pressed"></block>
		<block type="wait_sw1_released"></block>
		<block type="wait_sw2_pressed"></block>
		<block type="wait_sw2_released"></block>
	</category>
	<category name="Music">
		<block type="music_note"></block>
		<block type="music_rest"></block>
		<!--<block type="music_set_tempo"></block>-->
	</category>
	<category name="Sensor">
		<block type="sensor_ldr"></block>
		<block type="sensor_lm73"></block>
		<block type="sensor_switch1"></block>
		<block type="sensor_switch2"></block>
	</category>
	<category name="Realtime Clock">
		<block type="rtc_get"></block>
		<block type="rtc_get_date"></block>
		<block type="rtc_get_time"></block>
		<block type="rtc_get_day"></block>
		<block type="rtc_get_month"></block>
		<block type="rtc_get_year"></block>
		<block type="rtc_get_hour"></block>
		<block type="rtc_get_minute"></block>
		<block type="rtc_get_second"></block>
	</category>
	<category name="Comm">
		<block type="comm_uart_write"></block>
		<block type="comm_uart_writeln"></block>
	</category>
	<category name="Advance">
		<block type="advance_task"></block>
		<block type="advance_gpio0_write"></block>
		<block type="advance_gpio0_toggle"></block>
		<block type="advance_gpio0_read"></block>
		<!--<block type="rtc_cal"></block>
		<block type="rtc_cal_coarse"></block>-->
		<block type="advance_current_drain_write"></block>
	</category>
	<category name="Sensor Hub">
		<block type="sensor_hub_1"></block>
		<block type="sensor_hub_2"></block>
		<block type="sensor_hub_3"></block>
		<block type="sensor_hub_4"></block>
		<block type="sensor_hub_5"></block>
		<block type="sensor_hub_6"></block>
		<block type="sensor_hub_usb1_write"></block>
		<block type="sensor_hub_usb1_toggle"></block>
		<block type="sensor_hub_usb1_read"></block>
		<block type="sensor_hub_usb2_write"></block>
		<block type="sensor_hub_usb2_toggle"></block>
		<block type="sensor_hub_usb2_read"></block>
	</category>
	<category name="LED/Switch">
		<block type="swled_led1_write"></block>
		<block type="swled_led1_toggle"></block>
		<block type="swled_led2_write"></block>
		<block type="swled_led2_toggle"></block>
		<block type="swled_led3_write"></block>
		<block type="swled_led3_toggle"></block>
		<block type="swled_led4_write"></block>
		<block type="swled_led4_toggle"></block>
		<block type="swled_sw1"></block>
		<block type="swled_sw2"></block>
		<block type="swled_sw3"></block>
		<block type="swled_sw4"></block>
	</category>
	<category name="Relay">
		<block type="relay1_write"></block>
		<block type="relay1_toggle"></block>
		<block type="relay1"></block>
		<block type="relay2_write"></block>
		<block type="relay2_toggle"></block>
		<block type="relay2"></block>
		<block type="relay3_write"></block>
		<block type="relay3_toggle"></block>
		<block type="relay3"></block>
		<block type="relay4_write"></block>
		<block type="relay4_toggle"></block>
		<block type="relay4"></block>
	</category>
</toolbox>
